classes,cohesion,coupling,fitness
25,10.210714285714287,21.833438208616776,-11.62272392290249
3,0.3850840696027614,0.4726960863490221,-0.08761201674626068
1,0.09355617088607596,0.0,0.09355617088607596
1,0.09355617088607596,0.0,0.09355617088607596
1,0.09355617088607596,0.0,0.09355617088607596
1,0.09355617088607596,0.0,0.09355617088607596
1,0.09355617088607596,0.0,0.09355617088607596
1,0.09355617088607596,0.0,0.09355617088607596
1,0.09355617088607596,0.0,0.09355617088607596
1,0.09355617088607596,0.0,0.09355617088607596
1,0.09355617088607596,0.0,0.09355617088607596