classes,cohesion,coupling,fitness
1,0.85,0.0,0.85
5,1.9166666666666667,0.75,1.1666666666666667
5,2.1666666666666665,0.5,1.6666666666666665
4,3.6666666666666665,1.3333333333333333,2.333333333333333
5,4.0,1.0,3.0
5,4.0,1.0,3.0
5,4.0,1.0,3.0
6,4.0,1.0,3.0
5,4.0,1.0,3.0
6,4.0,1.0,3.0
4,4.0,1.0,3.0
4,4.0,1.0,3.0
6,4.0,1.0,3.0
6,4.0,1.0,3.0
5,4.0,1.0,3.0
5,4.0,1.0,3.0
5,4.0,1.0,3.0
6,4.0,1.0,3.0
8,4.0,1.0,3.0
8,4.0,1.0,3.0
4,4.0,1.0,3.0