classes,cohesion,coupling,fitness
3,1.9166666666666667,0.75,1.1666666666666667
6,4.0,1.0,3.0
6,4.0,1.0,3.0
6,4.0,1.0,3.0
5,4.0,1.0,3.0
6,4.0,1.0,3.0
5,4.0,1.0,3.0
7,4.0,1.0,3.0
7,4.0,1.0,3.0
5,4.0,1.0,3.0
5,4.0,1.0,3.0
5,4.0,1.0,3.0
4,4.0,1.0,3.0
6,4.0,1.0,3.0
5,4.0,1.0,3.0
5,4.0,1.0,3.0
4,4.0,1.0,3.0
5,4.0,1.0,3.0
4,4.0,1.0,3.0
5,4.0,1.0,3.0
4,4.0,1.0,3.0