classes,cohesion,coupling,fitness
37,9.0,12.583333333333332,-3.583333333333332
37,9.0,12.583333333333332,-3.583333333333332
39,9.0,12.583333333333332,-3.583333333333332
39,9.0,12.583333333333332,-3.583333333333332
39,9.0,12.583333333333332,-3.583333333333332
41,9.0,12.583333333333332,-3.583333333333332
43,9.0,12.583333333333332,-3.583333333333332
45,9.0,12.583333333333332,-3.583333333333332
43,9.0,12.583333333333332,-3.583333333333332
47,9.0,12.583333333333332,-3.583333333333332
16,9.0,12.583333333333332,-3.583333333333332