classes,cohesion,coupling,fitness
1,0.09355617088607596,0.0,0.09355617088607596
1,0.09355617088607596,0.0,0.09355617088607596
1,0.09355617088607596,0.0,0.09355617088607596
1,0.09355617088607596,0.0,0.09355617088607596
1,0.09355617088607596,0.0,0.09355617088607596
1,0.09355617088607596,0.0,0.09355617088607596
1,0.09355617088607596,0.0,0.09355617088607596
1,0.09355617088607596,0.0,0.09355617088607596
1,0.09355617088607596,0.0,0.09355617088607596
1,0.09355617088607596,0.0,0.09355617088607596
1,0.09355617088607596,0.0,0.09355617088607596
1,0.09355617088607596,0.0,0.09355617088607596
1,0.09355617088607596,0.0,0.09355617088607596
1,0.09355617088607596,0.0,0.09355617088607596
1,0.09355617088607596,0.0,0.09355617088607596
1,0.09355617088607596,0.0,0.09355617088607596
1,0.09355617088607596,0.0,0.09355617088607596
1,0.09355617088607596,0.0,0.09355617088607596
1,0.09355617088607596,0.0,0.09355617088607596
1,0.09355617088607596,0.0,0.09355617088607596
1,0.09355617088607596,0.0,0.09355617088607596