classes,cohesion,coupling,fitness
80,18.0,46.33333333333333,-28.33333333333333
80,18.0,46.33333333333332,-28.33333333333332
79,18.0,46.33333333333332,-28.33333333333332
80,18.0,46.33333333333332,-28.33333333333332
80,18.0,46.33333333333332,-28.33333333333332
80,18.0,46.33333333333332,-28.33333333333332
80,18.0,46.33333333333332,-28.33333333333332
80,18.0,46.33333333333332,-28.33333333333332
80,18.0,46.33333333333332,-28.33333333333332
80,18.0,46.33333333333332,-28.33333333333332
41,18.0,46.33333333333332,-28.33333333333332