classes,cohesion,coupling,fitness
18,7.0,4.0,3.0
16,7.0,4.0,3.0
16,7.0,4.0,3.0
15,7.0,4.0,3.0
16,7.0,4.0,3.0
15,7.0,4.0,3.0
9,4.791666666666667,1.7499999999999998,3.041666666666667
9,4.791666666666667,1.7499999999999998,3.041666666666667
9,4.791666666666667,1.7499999999999998,3.041666666666667
9,4.791666666666667,1.7499999999999998,3.041666666666667
6,4.791666666666667,1.7499999999999998,3.041666666666667