classes,cohesion,coupling,fitness
35,9.0,12.583333333333332,-3.583333333333332
35,9.0,12.583333333333332,-3.583333333333332
35,9.0,12.583333333333332,-3.583333333333332
35,9.0,12.583333333333332,-3.583333333333332
3,1.9777777777777776,1.3953703703703704,0.5824074074074073
3,1.9777777777777779,1.3953703703703704,0.5824074074074075
2,1.4184499710815501,0.41295546558704455,1.0054945054945055
2,1.4184499710815501,0.41295546558704455,1.0054945054945055
2,1.4184499710815501,0.41295546558704455,1.0054945054945055
2,1.4184499710815501,0.41295546558704455,1.0054945054945055
2,1.4184499710815501,0.41295546558704455,1.0054945054945055