classes,cohesion,coupling,fitness
35,9.0,12.583333333333334,-3.583333333333334
7,2.1166666666666667,4.95,-2.8333333333333335
1,0.3952380952380952,0.0,0.3952380952380952
1,0.3952380952380952,0.0,0.3952380952380952
1,0.3952380952380952,0.0,0.3952380952380952
1,0.3952380952380952,0.0,0.3952380952380952
1,0.3952380952380952,0.0,0.3952380952380952
1,0.3952380952380952,0.0,0.3952380952380952
1,0.3952380952380952,0.0,0.3952380952380952
1,0.3952380952380952,0.0,0.3952380952380952
1,0.3952380952380952,0.0,0.3952380952380952