classes,cohesion,coupling,fitness
80,18.0,46.33333333333333,-28.33333333333333
82,18.0,46.33333333333332,-28.33333333333332
78,18.0,46.33333333333332,-28.33333333333332
81,18.0,46.33333333333332,-28.33333333333332
83,18.0,46.33333333333332,-28.33333333333332
83,18.0,46.33333333333332,-28.33333333333332
85,18.0,46.33333333333332,-28.33333333333332
85,18.0,46.33333333333332,-28.33333333333332
83,18.0,46.33333333333332,-28.33333333333332
83,18.0,46.33333333333332,-28.33333333333332
41,18.0,46.33333333333332,-28.33333333333332