classes,cohesion,coupling,fitness
12,6.666666666666666,3.666666666666666,3.0
20,7.0,4.0,3.0
20,7.0,4.0,3.0
18,7.0,4.0,3.0
17,7.0,4.0,3.0
17,7.0,4.0,3.0
20,7.0,4.0,3.0
15,7.0,4.0,3.0
15,7.0,4.0,3.0
21,7.0,4.0,3.0
15,7.0,4.0,3.0
15,7.0,4.0,3.0
12,7.0,4.0,3.0
14,7.0,4.0,3.0
15,7.0,4.0,3.0
12,7.0,4.0,3.0
12,7.0,4.0,3.0
13,7.0,4.0,3.0
14,7.0,4.0,3.0
12,7.0,4.0,3.0
9,7.0,4.0,3.0