classes,cohesion,coupling,fitness
3,0.6750645188145188,1.0188861463212113,-0.34382162750669254
2,0.46793114973262034,0.35602532679738563,0.11190582293523471
1,0.18674679487179485,0.0,0.18674679487179485
1,0.18674679487179485,0.0,0.18674679487179485
1,0.18674679487179485,0.0,0.18674679487179485
1,0.18674679487179485,0.0,0.18674679487179485
1,0.18674679487179485,0.0,0.18674679487179485
1,0.18674679487179485,0.0,0.18674679487179485
1,0.18674679487179485,0.0,0.18674679487179485
1,0.18674679487179485,0.0,0.18674679487179485
1,0.18674679487179485,0.0,0.18674679487179485