classes,cohesion,coupling,fitness
1,0.18674679487179485,0.0,0.18674679487179485
1,0.18674679487179485,0.0,0.18674679487179485
1,0.18674679487179485,0.0,0.18674679487179485
1,0.18674679487179485,0.0,0.18674679487179485
1,0.18674679487179485,0.0,0.18674679487179485
1,0.18674679487179485,0.0,0.18674679487179485
4,0.18674679487179485,0.0,0.18674679487179485
4,0.18674679487179485,0.0,0.18674679487179485
3,0.18674679487179485,0.0,0.18674679487179485
8,0.18674679487179485,0.0,0.18674679487179485
3,0.18674679487179485,0.0,0.18674679487179485
8,0.18674679487179485,0.0,0.18674679487179485
2,0.18674679487179485,0.0,0.18674679487179485
2,0.18674679487179485,0.0,0.18674679487179485
2,0.18674679487179485,0.0,0.18674679487179485
2,0.18674679487179485,0.0,0.18674679487179485
2,0.18674679487179485,0.0,0.18674679487179485
2,0.18674679487179485,0.0,0.18674679487179485
1,0.18674679487179485,0.0,0.18674679487179485
5,1.755994005994006,1.5587723387723387,0.19722166722166734
4,1.755994005994006,1.5587723387723387,0.19722166722166734