classes,cohesion,coupling,fitness
35,9.0,12.583333333333332,-3.583333333333332
35,9.0,12.583333333333332,-3.583333333333332
35,9.0,12.583333333333332,-3.583333333333332
1,0.3952380952380952,0.0,0.3952380952380952
1,0.3952380952380952,0.0,0.3952380952380952
1,0.3952380952380952,0.0,0.3952380952380952
1,0.3952380952380952,0.0,0.3952380952380952
1,0.3952380952380952,0.0,0.3952380952380952
1,0.3952380952380952,0.0,0.3952380952380952
1,0.3952380952380952,0.0,0.3952380952380952
1,0.3952380952380952,0.0,0.3952380952380952