classes,cohesion,coupling,fitness
18,7.0,4.0,3.0
17,7.0,4.0,3.0
14,5.833333333333333,2.833333333333333,3.0
18,7.0,4.0,3.0
18,7.0,4.0,3.0
18,7.0,4.0,3.0
18,7.0,4.0,3.0
17,7.0,4.0,3.0
15,7.0,4.0,3.0
15,7.0,4.0,3.0
12,7.0,4.0,3.0
17,7.0,4.0,3.0
17,7.0,4.0,3.0
15,7.0,4.0,3.0
15,7.0,4.0,3.0
14,7.0,4.0,3.0
14,7.0,4.0,3.0
14,7.0,4.0,3.0
16,7.0,4.0,3.0
16,7.0,4.0,3.0
9,7.0,4.0,3.0